#old_variable_name,new_variable_name,PR_number,aviary_version,date
aircraft:design:characteristic_lengths,removed,#1308,1.0.0,9/29/2026
aircraft:design:compute_htail_volume_coeff,removed,#1285,1.0.0,9/11/2026
aircraft:design:compute_vtail_volume_coeff,removed,#1285,1.0.0,9/11/2026
aircraft:design:thrust_takeoff_per_eng,removed,#1142,1.0.0,5/15/2026
aircraft:engine:constant_fuel_consumption,aircraft:engine:constant_fuel_mass_consumption,#1171,1.0.0,6/15/2026
aircraft:engine:position_factor,aircraft:wing:engine_position_mass_scaler,#1228|1312,1.0.0,9/25/2026
aircraft:fuel:auxiliary_fuel_capacity,aircraft:fuel:auxiliary_fuel_mass_capacity,#1171,1.0.0,6/15/2026
aircraft:fuel:burn_per_passenger_mile,removed,#1223,1.0.0,8/19/2026
aircraft:fuel:TOTAL_CAPACITY,aircraft:fuel:max_capacity_mass,#1223,1.0.0,8/19/2026
aircraft:fuel:TOTAL_VOLUME,aircraft:fuel:max_capacity_volume,#1223,1.0.0,8/19/2026
aircraft:fuel:WING_FUEL_CAPACITY,aircraft:fuel:wing_fuel_mass_capacity,#1171,1.0.0,6/15/2026
aircraft:fuel:wing_ref_capacity,removed,#1223,1.0.0,8/19/2026
aircraft:fuel:wing_ref_capacity_area,removed,#1223,1.0.0,8/19/2026
aircraft:fuel:wing_ref_capacity_term_a,removed,#1223,1.0.0,8/19/2026
aircraft:fuel:wing_ref_capacity_term_b,removed,#1223,1.0.0,8/19/2026
aircraft:fuselage:seat_width,ircraft.fuselage:seat_width_economy,#1263,1.0.0,8/20/2026
aircraft:propulsion:engine_position_factor,aircraft:wing:engine_position_mass_scaler,#1312,1.0.0,9/25/2026
aircraft:wing:max_lift_ref,aircraft:wing:reference_clean_max_lift_coefficient,#1312,1.0.0,9/25/2026
dynamic:vehicle:Propulsion.fuel_flow_rate,dynamic:vehicle:Propulsion.fuel_flow_rate,#1171,1.0.0,6/15/2026
dynamic:vehicle:Propulsion.fuel_flow_rate_negative,dynamic:vehicle:Propulsion.fuel_flow_rate_negative,#1171,1.0.0,6/15/2026
dynamic:vehicle:Propulsion.fuel_flow_rate_negative_total,dynamic:vehicle:Propulsion.fuel_flow_rate_negative_total,#1171,1.0.0,6/15/2026
dynamic:vehicle:Propulsion.fuel_flow_rate_total,dynamic:vehicle:Propulsion.fuel_flow_rate_total,#1223,1.0.0,8/19/2026
mission:block_fuel,mission:block_fuel_mass,#1171,1.0.0,6/15/2026
mission:constraints:EXCESS_FUEL_CAPACITY,mission:constraints:excess_fuel_mass_capacity,#1171,1.0.0,6/15/2026
mission:constraints:MAX_MACH,aircraft:design:max_mach,#1250,1.0.0,8/27/2026
mission:design:thrust_takeoff_per_eng,removed,#1035|1050|1142,1.0.0,5/15/2026
mission:fuel:mission:FUEL_MASS,#1171,1.0.0,6/15/2026
mission:RESERVE_FUEL,removed,#1223,1.0.0,8/19/2026
mission:RESERVE_FUEL_ADDITIONAL,mission:reserve_fuel_mass_additional,#1171,1.0.0,6/15/2026
mission:takeoff:FUEL,mission:takeoff:fuel_mass,#1171,1.0.0,6/15/2026
mission:taxi:FUEL_TAXI_IN,mission:taxi:fuel_mass_taxi_in,#1171,1.0.0,6/15/2026
mission:taxi:FUEL_TAXI_OUT,mission:taxi:fuel_mass_taxi_out,#1171,1.0.0,6/15/2026
mission:TOTAL_FUEL,mission:total_fuel_mass,#1171,1.0.0,6/15/2026
mission:TOTAL_RESERVE_FUEL,mission:total_reserve_fuel_mass,#1171,1.0.0,6/15/2026
mission:USEFUL_LOAD,mission:operating_items_mass,#1122,1.0.0,5/18/2026
